corner,temperature_c,coarse_code,control_voltage_v,frequency_hz,differential_vpp,supply_current_a,power_w,sustained_oscillation,channel,target_frequency_hz,calibration_error_hz
typical,25,6,1.1029793040709575,2405540000.0,1.09966,0.00100003,0.00180006,True,37,2401750000,3790000.0
typical,25,6,1.0616786096340338,2401470000.0,1.09503,0.00100001,0.00180002,True,37,2401750000,-280000.0
typical,25,6,1.0645199350498418,2401740000.0,1.09534,0.00100006,0.0018001,True,37,2401750000,-10000.0
typical,25,6,1.0646211439156867,2401750000.0,1.09535,0.00100006,0.00180011,True,37,2401750000,0.0
typical,25,6,1.0646211439156867,2401750000.0,1.09535,0.00100006,0.00180011,True,37,2401750000,0.0
typical,25,6,1.1075278599044802,2406010000.0,1.10018,0.00100001,0.00180002,True,37,2402000000,4010000.0
typical,25,6,1.064061456858415,2401700000.0,1.09529,0.00100005,0.0018001,True,37,2402000000,-300000.0
typical,25,6,1.0670869605507165,2401990000.0,1.09562,0.00100004,0.00180007,True,37,2402000000,-10000.0
typical,25,6,1.0671875598028402,2402000000.0,1.09563,0.00100003,0.00180006,True,37,2402000000,0.0
typical,25,6,1.0671875598028402,2402000000.0,1.09563,0.00100003,0.00180006,True,37,2402000000,0.0
typical,25,6,1.1120764157380032,2406480000.0,1.10071,0.00100002,0.00180003,True,37,2402250000,4230000.0
typical,25,6,1.0664476151054956,2401920000.0,1.09555,0.00100005,0.00180009,True,37,2402250000,-330000.0
typical,25,6,1.0697496993617954,2402240000.0,1.09591,0.000999978,0.00179996,True,37,2402250000,-10000.0
typical,25,6,1.06984952652306,2402250000.0,1.09592,0.000999977,0.00179996,True,37,2402250000,0.0
typical,25,6,1.06984952652306,2402250000.0,1.09592,0.000999977,0.00179996,True,37,2402250000,0.0
typical,25,6,1.5396406640891516,2438360000.0,1.13815,0.000999987,0.00179998,True,38,2425750000,12610000.0
typical,25,6,1.3786548875534477,2431730000.0,1.12977,0.00100004,0.00180007,True,38,2425750000,5980000.0
typical,25,6,1.3151207622007648,2426890000.0,1.12403,0.00100004,0.00180007,True,38,2425750000,1140000.0
typical,25,6,1.3034572015219053,2425870000.0,1.12285,0.00100002,0.00180003,True,38,2425750000,120000.0
typical,25,6,1.3022344055453228,2425760000.0,1.12272,0.00100003,0.00180005,True,38,2425750000,10000.0
typical,25,6,1.5441892199226745,2438450000.0,1.13827,0.000999984,0.00179997,True,38,2426000000,12450000.0
typical,25,6,1.3842469208660813,2432100000.0,1.13022,0.000999998,0.0018,True,38,2426000000,6100000.0
typical,25,6,1.3191564955041513,2427230000.0,1.12443,0.000999974,0.00179995,True,38,2426000000,1230000.0
typical,25,6,1.3065501214042763,2426140000.0,1.12317,0.000999987,0.00179998,True,38,2426000000,140000.0
typical,25,6,1.3051219344825924,2426020000.0,1.12302,0.001,0.0018,True,38,2426000000,20000.0
typical,25,6,1.5487377757561975,2438540000.0,1.13838,0.000999985,0.00179997,True,38,2426250000,12290000.0
typical,25,6,1.389868817828196,2432450000.0,1.13065,0.000999982,0.00179997,True,38,2426250000,6200000.0
typical,25,6,1.3233895364603518,2427580000.0,1.12485,0.00100002,0.00180003,True,38,2426250000,1330000.0
typical,25,6,1.3097309755364945,2426420000.0,1.12349,0.00100001,0.00180001,True,38,2426250000,170000.0
typical,25,6,1.307994929844401,2426270000.0,1.12331,0.000999988,0.00179998,True,38,2426250000,20000.0
typical,25,4,1.068523560209424,2482130000.0,1.19124,0.00100001,0.00180002,True,39,2479750000,2380000.0
typical,25,4,1.0433170573812278,2479620000.0,1.18836,0.00100001,0.00180001,True,39,2479750000,-130000.0
typical,25,4,1.0446225734639631,2479750000.0,1.18851,0.00100002,0.00180003,True,39,2479750000,0.0
typical,25,4,1.0446225734639631,2479750000.0,1.18851,0.00100002,0.00180003,True,39,2479750000,0.0
typical,25,4,1.0446225734639631,2479750000.0,1.18851,0.00100002,0.00180003,True,39,2479750000,0.0
typical,25,4,1.0727120418848168,2482560000.0,1.19173,0.001,0.0018,True,39,2480000000,2560000.0
typical,25,4,1.0457348205478414,2479850000.0,1.18863,0.00100002,0.00180004,True,39,2480000000,-150000.0
typical,25,4,1.0472280246808843,2480000000.0,1.1888,0.00100002,0.00180004,True,39,2480000000,0.0
typical,25,4,1.0472280246808843,2480000000.0,1.1888,0.00100002,0.00180004,True,39,2480000000,0.0
typical,25,4,1.0472280246808843,2480000000.0,1.1888,0.00100002,0.00180004,True,39,2480000000,0.0
typical,25,4,1.0769005235602094,2482990000.0,1.19222,0.00100007,0.00180013,True,39,2480250000,2740000.0
typical,25,4,1.04815462525803,2480090000.0,1.1889,0.00100002,0.00180004,True,39,2480250000,-160000.0
typical,25,4,1.0497406058540124,2480250000.0,1.18908,0.00100002,0.00180003,True,39,2480250000,0.0
typical,25,4,1.0497406058540124,2480250000.0,1.18908,0.00100002,0.00180003,True,39,2480250000,0.0
typical,25,4,1.0497406058540124,2480250000.0,1.18908,0.00100002,0.00180003,True,39,2480250000,0.0
ff,-40,12,1.153413449245717,2407230000.0,1.13458,0.000999973,0.00179995,True,37,2401750000,5480000.0
ff,-40,12,1.0886441347721787,2401340000.0,1.12851,0.000999998,0.0018,True,37,2401750000,-410000.0
ff,-40,12,1.0931526948628665,2401740000.0,1.12892,0.00100006,0.00180011,True,37,2401750000,-10000.0
ff,-40,12,1.0932624594427989,2401750000.0,1.12893,0.00100006,0.00180012,True,37,2401750000,0.0
ff,-40,12,1.0932624594427989,2401750000.0,1.12893,0.00100006,0.00180012,True,37,2401750000,0.0
ff,-40,12,1.1585272308872412,2407710000.0,1.13507,0.00100006,0.00180011,True,37,2402000000,5710000.0
ff,-40,12,1.0912768231334413,2401570000.0,1.12875,0.00100004,0.00180008,True,37,2402000000,-430000.0
ff,-40,12,1.095986542243235,2401990000.0,1.12918,0.00100003,0.00180005,True,37,2402000000,-10000.0
ff,-40,12,1.0960958791114939,2402000000.0,1.12919,0.00100003,0.00180005,True,37,2402000000,0.0
ff,-40,12,1.0960958791114939,2402000000.0,1.12919,0.00100003,0.00180005,True,37,2402000000,0.0
ff,-40,12,1.163641012528765,2408190000.0,1.13556,0.00100001,0.00180001,True,37,2402250000,5940000.0
ff,-40,12,1.0939116284239685,2401800000.0,1.12899,0.00100006,0.00180011,True,37,2402250000,-450000.0
ff,-40,12,1.0988221484313485,2402240000.0,1.12944,0.000999973,0.00179995,True,37,2402250000,-10000.0
ff,-40,12,1.098931087698739,2402250000.0,1.12945,0.000999972,0.00179995,True,37,2402250000,0.0
ff,-40,12,1.098931087698739,2402250000.0,1.12945,0.000999972,0.00179995,True,37,2402250000,0.0
ff,-40,11,0.9766526757607555,2425020000.0,1.15477,0.00100001,0.00180002,True,38,2425750000,-730000.0
ff,-40,11,0.9871733835969583,2425730000.0,1.15555,0.00100003,0.00180005,True,38,2425750000,-20000.0
ff,-40,11,0.987455287254168,2425750000.0,1.15557,0.00100003,0.00180005,True,38,2425750000,0.0
ff,-40,11,0.987455287254168,2425750000.0,1.15557,0.00100003,0.00180005,True,38,2425750000,0.0
ff,-40,11,0.987455287254168,2425750000.0,1.15557,0.00100003,0.00180005,True,38,2425750000,0.0
ff,-40,11,0.9832109129066107,2425460000.0,1.15525,0.00100002,0.00180003,True,38,2426000000,-540000.0
ff,-40,11,0.9908940544578227,2425990000.0,1.15583,0.001,0.0018,True,38,2426000000,-10000.0
ff,-40,11,0.9910341459277024,2426000000.0,1.15584,0.001,0.0018,True,38,2426000000,0.0
ff,-40,11,0.9910341459277024,2426000000.0,1.15584,0.001,0.0018,True,38,2426000000,0.0
ff,-40,11,0.9910341459277024,2426000000.0,1.15584,0.001,0.0018,True,38,2426000000,0.0
ff,-40,11,0.9897691500524659,2425910000.0,1.15574,0.00100001,0.00180002,True,38,2426250000,-340000.0
ff,-40,11,0.9945342034526873,2426250000.0,1.1561,0.000999987,0.00179998,True,38,2426250000,0.0
ff,-40,11,0.9945342034526873,2426250000.0,1.1561,0.000999987,0.00179998,True,38,2426250000,0.0
ff,-40,11,0.9945342034526873,2426250000.0,1.1561,0.000999987,0.00179998,True,38,2426250000,0.0
ff,-40,11,0.9945342034526873,2426250000.0,1.1561,0.000999987,0.00179998,True,38,2426250000,0.0
ff,-40,10,1.3696564885496183,2492940000.0,1.22868,0.00100005,0.00180009,True,39,2479750000,13190000.0
ff,-40,10,1.2199092808109984,2480410000.0,1.21508,0.00100003,0.00180005,True,39,2479750000,660000.0
ff,-40,10,1.2126631437498272,2479730000.0,1.21435,0.00100002,0.00180004,True,39,2479750000,-20000.0
ff,-40,10,1.212876265428097,2479750000.0,1.21437,0.00100002,0.00180004,True,39,2479750000,0.0
ff,-40,10,1.212876265428097,2479750000.0,1.21437,0.00100002,0.00180004,True,39,2479750000,0.0
ff,-40,10,1.3744274809160304,2493260000.0,1.22904,0.000999989,0.00179998,True,39,2480000000,13260000.0
ff,-40,10,1.223426617261938,2480750000.0,1.21544,0.00100005,0.00180008,True,39,2480000000,750000.0
ff,-40,10,1.2152003058752685,2479970000.0,1.21461,0.00100003,0.00180005,True,39,2480000000,-30000.0
ff,-40,10,1.2155167024670634,2480000000.0,1.21464,0.00100003,0.00180005,True,39,2480000000,0.0
ff,-40,10,1.2155167024670634,2480000000.0,1.21464,0.00100003,0.00180005,True,39,2480000000,0.0
ff,-40,10,1.3791984732824427,2493580000.0,1.2294,0.000999985,0.00179997,True,39,2480250000,13330000.0
ff,-40,10,1.2269480019313896,2481080000.0,1.21579,0.000999998,0.0018,True,39,2480250000,830000.0
ff,-40,10,1.2178481545109523,2480220000.0,1.21488,0.00100002,0.00180004,True,39,2480250000,-30000.0
ff,-40,10,1.2181655910488745,2480250000.0,1.21491,0.00100002,0.00180004,True,39,2480250000,0.0
ff,-40,10,1.2181655910488745,2480250000.0,1.21491,0.00100002,0.00180004,True,39,2480250000,0.0
ss,125,2,1.3938612645794966,2419660000.0,0.982916,0.001,0.00180001,True,37,2401750000,17910000.0
ss,125,2,1.2257875155059015,2403760000.0,0.954992,0.00100004,0.00180007,True,37,2401750000,2010000.0
ss,125,2,1.2083792720779436,2401650000.0,0.951259,0.00100005,0.00180009,True,37,2401750000,-100000.0
ss,125,2,1.2092043073114962,2401750000.0,0.951438,0.00100005,0.00180009,True,37,2401750000,0.0
ss,125,2,1.2092043073114962,2401750000.0,0.951438,0.00100005,0.00180009,True,37,2401750000,0.0
ss,125,2,1.3979537548598322,2419920000.0,0.983363,0.00100001,0.00180002,True,37,2402000000,17920000.0
ss,125,2,1.2290849107421862,2404160000.0,0.955687,0.00100002,0.00180003,True,37,2402000000,2160000.0
ss,125,2,1.2103911666090874,2401900000.0,0.951695,0.00100003,0.00180005,True,37,2402000000,-100000.0
ss,125,2,1.211218323429136,2402000000.0,0.951874,0.00100001,0.00180001,True,37,2402000000,0.0
ss,125,2,1.211218323429136,2402000000.0,0.951874,0.00100001,0.00180001,True,37,2402000000,0.0
ss,125,2,1.4020462451401678,2420160000.0,0.983801,0.00100001,0.00180001,True,37,2402250000,17910000.0
ss,125,2,1.2324995474603844,2404560000.0,0.956403,0.00100001,0.00180001,True,37,2402250000,2310000.0
ss,125,2,1.2125116816385202,2402160000.0,0.952154,0.000999981,0.00179997,True,37,2402250000,-90000.0
ss,125,2,1.21326122660684,2402250000.0,0.952315,0.000999976,0.00179996,True,37,2402250000,0.0
ss,125,2,1.21326122660684,2402250000.0,0.952315,0.000999976,0.00179996,True,37,2402250000,0.0
ss,125,1,1.0575347834607094,2427930000.0,0.997802,0.00100005,0.00180009,True,38,2425750000,2180000.0
ss,125,1,1.0360944709915902,2425610000.0,0.993925,0.00100002,0.00180004,True,38,2425750000,-140000.0
ss,125,1,1.0373882829509335,2425750000.0,0.994152,0.00100003,0.00180005,True,38,2425750000,0.0
ss,125,1,1.0373882829509335,2425750000.0,0.994152,0.00100003,0.00180005,True,38,2425750000,0.0
ss,125,1,1.0373882829509335,2425750000.0,0.994152,0.00100003,0.00180005,True,38,2425750000,0.0
ss,125,1,1.061454046639232,2428370000.0,0.998533,0.001,0.0018,True,38,2426000000,2370000.0
ss,125,1,1.0382988653141159,2425840000.0,0.994313,0.00100003,0.00180006,True,38,2426000000,-160000.0
ss,125,1,1.0397632246074038,2426000000.0,0.994572,0.00100002,0.00180004,True,38,2426000000,0.0
ss,125,1,1.0397632246074038,2426000000.0,0.994572,0.00100002,0.00180004,True,38,2426000000,0.0
ss,125,1,1.0397632246074038,2426000000.0,0.994572,0.00100002,0.00180004,True,38,2426000000,0.0
ss,125,1,1.0653733098177542,2428820000.0,0.999271,0.00100001,0.00180002,True,38,2426250000,2570000.0
ss,125,1,1.0404460982106878,2426070000.0,0.994693,0.00100001,0.00180003,True,38,2426250000,-180000.0
ss,125,1,1.0420776975158776,2426250000.0,0.994984,0.000999995,0.00179999,True,38,2426250000,0.0
ss,125,1,1.0420776975158776,2426250000.0,0.994984,0.000999995,0.00179999,True,38,2426250000,0.0
ss,125,1,1.0420776975158776,2426250000.0,0.994984,0.000999995,0.00179999,True,38,2426250000,0.0
ss,125,0,1.1605095541401274,2487910000.0,1.09461,0.00100008,0.00180014,True,39,2479750000,8160000.0
ss,125,0,1.091100017214667,2479120000.0,1.08125,0.00100005,0.00180009,True,39,2479750000,-630000.0
ss,125,0,1.0960747621820208,2479730000.0,1.08218,0.00100001,0.00180002,True,39,2479750000,-20000.0
ss,125,0,1.096232304460647,2479750000.0,1.08221,0.00100001,0.00180002,True,39,2479750000,0.0
ss,125,0,1.096232304460647,2479750000.0,1.08221,0.00100001,0.00180002,True,39,2479750000,0.0
ss,125,0,1.1642562757587112,2488390000.0,1.09534,0.000999981,0.00179997,True,39,2480000000,8390000.0
ss,125,0,1.0930361127811614,2479360000.0,1.08161,0.00100003,0.00180005,True,39,2480000000,-640000.0
ss,125,0,1.0980838319733688,2479980000.0,1.08256,0.00100002,0.00180004,True,39,2480000000,-20000.0
ss,125,0,1.0982411980703612,2480000000.0,1.08259,0.00100002,0.00180004,True,39,2480000000,0.0
ss,125,0,1.0982411980703612,2480000000.0,1.08259,0.00100002,0.00180004,True,39,2480000000,0.0
ss,125,0,1.168002997377295,2488880000.0,1.09607,0.00100005,0.00180009,True,39,2480250000,8630000.0
ss,125,0,1.0949250806753767,2479590000.0,1.08196,0.00100001,0.00180002,True,39,2480250000,-660000.0
ss,125,0,1.1001168379437585,2480230000.0,1.08294,0.00100002,0.00180003,True,39,2480250000,-20000.0
ss,125,0,1.100273800162102,2480250000.0,1.08297,0.00100002,0.00180003,True,39,2480250000,0.0
ss,125,0,1.100273800162102,2480250000.0,1.08297,0.00100002,0.00180003,True,39,2480250000,0.0
