corner,temperature_c,coarse_code,control_voltage_v,frequency_hz,differential_vpp,supply_current_a,power_w,sustained_oscillation
typical,25,4,0.0,2463090000.0,1.16796,0.00100001,0.00180003,True
typical,25,4,0.3,2463090000.0,1.16799,0.00100001,0.00180002,True
typical,25,4,0.5,2463140000.0,1.16805,0.001,0.00180001,True
typical,25,4,0.63,2463360000.0,1.16836,0.000999986,0.00179998,True
typical,25,4,0.75,2464230000.0,1.16956,0.001,0.00180001,True
typical,25,4,1.0,2475660000.0,1.18377,0.00100003,0.00180006,True
typical,25,4,1.8,2523410000.0,1.24077,0.000999986,0.00179997,True
typical,25,5,0.0,2423280000.0,1.12052,0.000999996,0.00179999,True
typical,25,5,0.3,2423290000.0,1.12054,0.000999994,0.00179999,True
typical,25,5,0.5,2423330000.0,1.1206,0.000999989,0.00179998,True
typical,25,5,0.63,2423520000.0,1.12085,0.000999987,0.00179998,True
typical,25,5,0.75,2424280000.0,1.12189,0.001,0.0018,True
typical,25,5,1.0,2434900000.0,1.13496,0.00100002,0.00180003,True
typical,25,5,1.8,2480700000.0,1.18909,0.00100001,0.00180001,True
typical,25,6,0.0,2385330000.0,1.07557,0.001,0.0018,True
typical,25,6,0.3,2385340000.0,1.07558,0.001,0.0018,True
typical,25,6,0.5,2385370000.0,1.07564,0.001,0.0018,True
typical,25,6,0.63,2385540000.0,1.07586,0.001,0.00180001,True
typical,25,6,0.75,2386220000.0,1.07676,0.000999989,0.00179998,True
typical,25,6,1.0,2396090000.0,1.08884,0.000999996,0.00179999,True
typical,25,6,1.8,2440060000.0,1.14048,0.001,0.0018,True
typical,25,7,0.0,2349100000.0,1.03275,0.00100001,0.00180002,True
typical,25,7,0.3,2349100000.0,1.03276,0.00100001,0.00180002,True
typical,25,7,0.5,2349140000.0,1.03281,0.00100001,0.00180001,True
typical,25,7,0.63,2349280000.0,1.033,0.000999999,0.0018,True
typical,25,7,0.75,2349880000.0,1.03379,0.001,0.0018,True
typical,25,7,1.0,2359080000.0,1.04502,0.00100003,0.00180005,True
typical,25,7,1.8,2401340000.0,1.09451,0.00099999,0.00179998,True
ff,-40,10,0.0,2449240000.0,1.18074,0.00100001,0.00180001,True
ff,-40,10,0.3,2449240000.0,1.18077,0.001,0.00180001,True
ff,-40,10,0.5,2449280000.0,1.18083,0.000999999,0.0018,True
ff,-40,10,0.63,2449480000.0,1.18109,0.000999993,0.00179999,True
ff,-40,10,0.75,2450260000.0,1.18213,0.001,0.0018,True
ff,-40,10,1.0,2460380000.0,1.1939,0.00100002,0.00180003,True
ff,-40,10,1.8,2502300000.0,1.24023,0.00099998,0.00179996,True
ff,-40,11,0.0,2416180000.0,1.14435,0.000999992,0.00179998,True
ff,-40,11,0.3,2416190000.0,1.14438,0.000999989,0.00179998,True
ff,-40,11,0.5,2416230000.0,1.14443,0.000999987,0.00179998,True
ff,-40,11,0.63,2416400000.0,1.14466,0.000999995,0.00179999,True
ff,-40,11,0.75,2417110000.0,1.14558,0.00099999,0.00179998,True
ff,-40,11,1.0,2426640000.0,1.15652,0.00100004,0.00180008,True
ff,-40,11,1.8,2467120000.0,1.20064,0.000999996,0.00179999,True
ff,-40,12,0.0,2384420000.0,1.10984,0.000999998,0.0018,True
ff,-40,12,0.3,2384430000.0,1.10986,0.000999996,0.00179999,True
ff,-40,12,0.5,2384460000.0,1.10991,0.000999994,0.00179999,True
ff,-40,12,0.63,2384620000.0,1.11011,0.000999996,0.00179999,True
ff,-40,12,0.75,2385260000.0,1.11092,0.001,0.0018,True
ff,-40,12,1.0,2394250000.0,1.12112,0.00100001,0.00180002,True
ff,-40,12,1.8,2433360000.0,1.16321,0.000999986,0.00179997,True
ff,-40,13,0.0,2353870000.0,1.07704,0.00100001,0.00180002,True
ff,-40,13,0.3,2353880000.0,1.07706,0.00100001,0.00180002,True
ff,-40,13,0.5,2353910000.0,1.0771,0.00100001,0.00180002,True
ff,-40,13,0.63,2354050000.0,1.07728,0.00100001,0.00180002,True
ff,-40,13,0.75,2354630000.0,1.078,0.000999997,0.00179999,True
ff,-40,13,1.0,2363130000.0,1.08752,0.00100001,0.00180001,True
ff,-40,13,1.8,2400930000.0,1.12774,0.001,0.0018,True
ss,125,0,0.0,2456270000.0,1.04473,0.000999994,0.00179999,True
ss,125,0,0.3,2456280000.0,1.04473,0.000999993,0.00179999,True
ss,125,0,0.5,2456320000.0,1.04481,0.000999993,0.00179999,True
ss,125,0,0.63,2456500000.0,1.04513,0.000999999,0.0018,True
ss,125,0,0.75,2457280000.0,1.04647,0.00099999,0.00179998,True
ss,125,0,1.0,2469040000.0,1.06567,0.00100004,0.00180006,True
ss,125,0,1.8,2522420000.0,1.14799,0.000999987,0.00179998,True
ss,125,1,0.0,2410640000.0,0.967751,0.001,0.00180001,True
ss,125,1,0.3,2410640000.0,0.967754,0.001,0.00180001,True
ss,125,1,0.5,2410680000.0,0.96782,0.001,0.00180001,True
ss,125,1,0.63,2410830000.0,0.968104,0.001,0.00180001,True
ss,125,1,0.75,2411480000.0,0.96929,0.001,0.0018,True
ss,125,1,1.0,2422080000.0,0.987961,0.00100003,0.00180005,True
ss,125,1,1.8,2473110000.0,1.07175,0.00100001,0.00180001,True
ss,125,2,0.0,2367460000.0,0.887599,0.000999994,0.00179999,True
ss,125,2,0.3,2367460000.0,0.887603,0.000999994,0.00179999,True
ss,125,2,0.5,2367490000.0,0.887662,0.000999995,0.00179999,True
ss,125,2,0.63,2367610000.0,0.88792,0.001,0.0018,True
ss,125,2,0.75,2368150000.0,0.889006,0.001,0.0018,True
ss,125,2,1.0,2377690000.0,0.907637,0.00100001,0.00180001,True
ss,125,2,1.8,2426560000.0,0.995336,0.001,0.0018,True
ss,125,3,0.0,2326510000.0,0.801286,0.001,0.0018,True
ss,125,3,0.3,2326510000.0,0.80129,0.001,0.0018,True
ss,125,3,0.5,2326530000.0,0.801345,0.001,0.0018,True
ss,125,3,0.63,2326640000.0,0.801588,0.001,0.00180001,True
ss,125,3,0.75,2327080000.0,0.802619,0.000999998,0.0018,True
ss,125,3,1.0,2335620000.0,0.821766,0.00100001,0.00180002,True
ss,125,3,1.8,2382540000.0,0.916627,0.000999995,0.00179999,True
