corner,temperature_c,cap_side_um,tail_current_ua,frequency_hz,differential_vpp,supply_current_a,power_w,sustained_oscillation
typical,25,24,500,2919270000.0,0.838913,0.000500035,0.000900063,True
typical,25,24,700,2926860000.0,1.22526,0.000699992,0.00125999,True
typical,25,24,1000,2932010000.0,1.77627,0.000999902,0.00179982,True
typical,25,26,500,2712510000.0,0.670384,0.000500042,0.000900076,True
typical,25,26,700,2719650000.0,1.01397,0.000700047,0.00126008,True
typical,25,26,1000,2725100000.0,1.49355,0.001,0.0018,True
typical,25,28,500,2531930000.0,0.510565,0.000500004,0.000900007,True
typical,25,28,700,2538400000.0,0.839048,0.000700058,0.0012601,True
typical,25,28,1000,2543650000.0,1.26358,0.001,0.00180001,True
typical,25,30,500,2374660000.0,0.319298,0.000500001,0.000900003,True
typical,25,30,700,2378640000.0,0.68005,0.000699976,0.00125996,True
typical,25,30,1000,2383840000.0,1.07243,0.00100007,0.00180012,True
typical,25,32,500,2238320000.0,0.00387655,0.0005,0.0009,False
typical,25,32,700,2237370000.0,0.51113,0.000700009,0.00126002,True
typical,25,32,1000,2241910000.0,0.90403,0.000999981,0.00179997,True
typical,25,34,500,2116570000.0,7.54764e-06,0.0005,0.0009,False
typical,25,34,700,2113720000.0,0.253183,0.000700003,0.00126,True
typical,25,34,1000,2115240000.0,0.739018,0.00099997,0.00179995,True
ff,-40,24,500,3181480000.0,1.0707,0.000499933,0.00089988,True
ff,-40,24,700,3188910000.0,1.51304,0.000700047,0.00126009,True
ff,-40,24,1000,3182660000.0,2.10169,0.00100001,0.00180003,True
ff,-40,26,500,2958000000.0,0.89139,0.000500026,0.000900046,True
ff,-40,26,700,2964760000.0,1.27174,0.00070011,0.0012602,True
ff,-40,26,1000,2967410000.0,1.81667,0.000999892,0.00179981,True
ff,-40,28,500,2762610000.0,0.748662,0.000499981,0.000899966,True
ff,-40,28,700,2768410000.0,1.08044,0.000699973,0.00125995,True
ff,-40,28,1000,2772970000.0,1.56324,0.000999965,0.00179994,True
ff,-40,30,500,2590470000.0,0.629622,0.000499991,0.000899984,True
ff,-40,30,700,2595540000.0,0.925658,0.000700032,0.00126006,True
ff,-40,30,1000,2599870000.0,1.35097,0.001,0.00180001,True
ff,-40,32,500,2437630000.0,0.523574,0.000500025,0.000900046,True
ff,-40,32,700,2442360000.0,0.796615,0.000699954,0.00125992,True
ff,-40,32,1000,2446170000.0,1.17541,0.00100001,0.00180002,True
ff,-40,34,500,2301070000.0,0.42059,0.000500006,0.000900011,True
ff,-40,34,700,2305690000.0,0.684432,0.000699968,0.00125994,True
ff,-40,34,1000,2309100000.0,1.02793,0.00100007,0.00180012,True
ss,125,24,500,2707170000.0,0.451889,0.000499997,0.000899995,True
ss,125,24,700,2710950000.0,0.915237,0.000700043,0.00126008,True
ss,125,24,1000,2718120000.0,1.43431,0.00100005,0.00180009,True
ss,125,26,500,2521760000.0,0.00140608,0.0005,0.0009,False
ss,125,26,700,2519340000.0,0.629692,0.000699996,0.00125999,True
ss,125,26,1000,2523910000.0,1.15298,0.001,0.0018,True
ss,125,28,500,2359200000.0,1.0039e-06,0.0005,0.0009,False
ss,125,28,700,2356520000.0,0.0179314,0.0007,0.00126,False
ss,125,28,1000,2355060000.0,0.868051,0.00100003,0.00180006,True
ss,125,30,500,2215500000.0,2.47586e-09,0.0005,0.0009,False
ss,125,30,700,2213160000.0,1.40614e-05,0.0007,0.00126,False
ss,125,30,1000,2210420000.0,0.299349,0.001,0.0018,True
ss,125,32,500,2087680000.0,1.68021e-11,0.0005,0.0009,False
ss,125,32,700,2085620000.0,3.57317e-08,0.0007,0.00126,False
ss,125,32,1000,2083190000.0,0.000222196,0.001,0.0018,False
ss,125,34,500,1973320000.0,1.27232e-13,0.0005,0.0009,False
ss,125,34,700,1971480000.0,2.24325e-10,0.0007,0.00126,False
ss,125,34,1000,1969330000.0,5.66429e-07,0.001,0.0018,False
