corner,temperature_c,load_ff,frequency_hz,supply_current_a,power_w
typical,25,0,2420290000.0,8.42099e-05,0.000151578
typical,25,1,2099770000.0,8.43374e-05,0.000151807
typical,25,2,1854720000.0,8.44267e-05,0.000151968
typical,25,5,1374290000.0,8.45908e-05,0.000152263
typical,25,10,960039000.0,8.47256e-05,0.000152506
typical,25,20,598912000.0,8.48447e-05,0.00015272
typical,25,40,341740000.0,8.486e-05,0.000152748
typical,25,80,183838000.0,8.50963e-05,0.000153173
ff,-40,0,3629500000.0,0.000122095,0.000219771
ff,-40,1,3136970000.0,0.000122416,0.000220349
ff,-40,2,2763080000.0,0.000122649,0.000220768
ff,-40,5,2036440000.0,0.000123095,0.00022157
ff,-40,10,1416270000.0,0.00012349,0.000222281
ff,-40,20,880182000.0,0.00012383,0.000222895
ff,-40,40,500906000.0,0.000124134,0.000223441
ff,-40,80,269030000.0,0.000124263,0.000223673
ss,125,0,1582550000.0,5.74675e-05,0.000103441
ss,125,1,1380010000.0,5.75312e-05,0.000103556
ss,125,2,1223700000.0,5.7568e-05,0.000103622
ss,125,5,913615000.0,5.76363e-05,0.000103745
ss,125,10,642381000.0,5.76939e-05,0.000103849
ss,125,20,403012000.0,5.77613e-05,0.00010397
ss,125,40,230885000.0,5.78481e-05,0.000104127
ss,125,80,124510000.0,5.78367e-05,0.000104106
